,stops,boardings
43,GERMANTOWN TRANSIT CENTER  & BAY B,30980
58,MEDICAL CENTER STATION  & BAY D,24992
125,ROCKVILLE STATION  & BAY B - WEST,22126
51,LAKEFOREST TRANSIT CENTER  & ODENDH,18238
124,ROCKVILLE STATION  & BAY A - WEST,16682
144,SHADY GROVE STATION  & BAY A - WEST,15581
157,TWINBROOK STATION  & BAY A - WEST,9320
145,SHADY GROVE STATION  & BAY C - EAST,8597
151,SHAKESPEARE BLVD & OBSERVATION DR,8508
158,UNKNOWN,8414
128,S CAMPUS DR & CAMPUS DR,6879
101,ROCKVILLE PIKE & MARINELLI RD,5871
89,ROCKVILLE PIKE & EDMONSTON DR,5737
77,ODENDHAL AVE & FREDERICK AVE,5546
47,HUNGERFORD DR & FREDERICK AVE,4688
37,FREDERICK RD & SHADY GROVE RD,3526
24,FREDERICK RD & GUNNERS BRANCH RD,3260
120,ROCKVILLE PIKE & TUCKERMAN LN,3006
96,ROCKVILLE PIKE & HALPINE RD,2888
87,ROCKVILLE PIKE & CONGRESSIONAL LN,2739
69,N WASHINGTON ST & DAWSON AVE,2697
110,ROCKVILLE PIKE & RANDOLPH RD,2683
83,ROCKVILLE PIKE & BOU AVE,2323
5,CHRISTOPHER AVE & RUSSELL AVE,2193
135,S FREDERICK AVE & N WESTLAND DR,2151
18,FREDERICK RD & APPLEDOWRE WAY,2149
67,N FREDERICK RD & GUNNERS BRANCH RD,2090
63,N FREDERICK AVE & MONTGOMERY AVE,2081
148,SHAKESPEARE BLVD & ETON MANOR DR,2056
139,S FREDERICK AVE & SUMMIT AVE,1985
153,TRAVIS AVE & TRAVIS LN,1948
60,N FREDERICK AVE & BROOKS AVE,1875
133,S FREDERICK AVE & EDUCATION BLVD,1726
32,FREDERICK RD & OXBRIDGE DR,1720
68,N WASHINGTON ST & BEALL AVE,1558
64,N FREDERICK AVE & PROFESSIONAL DR,1547
109,ROCKVILLE PIKE & POOKS HILL RD,1530
29,FREDERICK RD & MIDDLEBROOK RD,1520
59,MONROE ST & MONROE PL,1514
84,ROCKVILLE PIKE & BOUIC AVE,1482
138,S FREDERICK AVE & S WESTLAND DR,1463
79,ROCKVILLE PIKE & @1001,1453
8,CONTOUR RD & LOST KNIFE RD,1383
112,ROCKVILLE PIKE & ROLLINS AVE,1330
20,FREDERICK RD & COLLEGE PKWY,1318
70,N WASHINGTON ST & MARTINS LN,1317
107,ROCKVILLE PIKE & OLD GEORGETOWN RD,1305
4,CHRISTOPHER AVE & MONTGOMERY VILLAG,1268
147,SHAKESPEARE BLVD & AMBER RIDGE DR,1266
52,LOST KNIFE RD & CIDER MILL APTS,1236
78,ODENDHAL AVE & RUSSELL AVE,1184
131,S FREDERICK AVE & DEER PARK DR,1179
104,ROCKVILLE PIKE & NICHOLSON LN,1175
61,N FREDERICK AVE & CHESTNUT ST,1144
134,S FREDERICK AVE & FULKS CORNER AVE,1129
34,FREDERICK RD & REDLAND RD,1109
44,GROSVENOR STATION  & BAY E,1094
150,SHAKESPEARE BLVD & MILESTONE PARK &,1084
118,ROCKVILLE PIKE & TEMPLETON PL,1077
19,FREDERICK RD & ARCHDALE RD,1067
117,ROCKVILLE PIKE & TALBOTT ST,1055
129,S FREDERICK AVE & CEDAR AVE,1054
123,ROCKVILLE PIKE & WOOTTON PKWY,1047
54,LOST KNIFE RD & MONTGOMERY VILLAGE,1037
33,FREDERICK RD & PLUMMER DR,1036
98,ROCKVILLE PIKE & HOYA ST,1035
114,ROCKVILLE PIKE & SECURITY LN,1009
132,S FREDERICK AVE & DEER PARK RD,1000
154,TRAVIS AVE & TRAVIS VIEW CT,987
102,ROCKVILLE PIKE & MT VERNON PL,973
2,CHRISTOPHER AVE & GALLOP HILL RD,874
36,FREDERICK RD & SCENERY DR,819
62,N FREDERICK AVE & MARYLAND AVE,802
99,ROCKVILLE PIKE & HUBBARD DR,790
141,S FREDERICK AVE & WESTLAND DR,783
66,N FREDERICK AVE & WHETSTONE DR,782
12,E MIDDLE LN & MARYLAND AVE,752
108,ROCKVILLE PIKE & PIKE CENTER,734
91,ROCKVILLE PIKE & EXECUTIVE BLVD,693
75,OBSERVATION DR & OBSERVATION CT,671
1,CHRISTOPHER AVE & FEATHERTREE WAY,660
7,CONTOUR RD & HORIZON RUN RD,645
115,ROCKVILLE PIKE & SOUTH WOOD RD,634
22,FREDERICK RD & GERMANTOWN RD,627
17,FREDERICK RD & @20010,624
10,CONTOUR RD & TUNSTALL DR,551
30,FREDERICK RD & MIDWAY CENTER,541
149,SHAKESPEARE BLVD & FREDERICK RD,536
71,N WASHINGTON ST & MIDDLE LN,531
9,CONTOUR RD & ODENDHAL AVE,529
38,FREDERICK RD & SHAKESPEARE BLVD,493
119,ROCKVILLE PIKE & THOMPSON AVE,478
3,CHRISTOPHER AVE & HELLINGLY PL,474
106,ROCKVILLE PIKE & NORTH WOOD DR,468
13,E MIDDLE LN & MONROE ST,450
137,S FREDERICK AVE & ROSEMONT DR,449
122,ROCKVILLE PIKE & WOODMONT STATION,439
53,LOST KNIFE RD & CONTOUR RD,437
159,WATKINS MILL RD & TRAVIS AVE,404
82,ROCKVILLE PIKE & BETH MED PRK DR,386
130,S FREDERICK AVE & CENTRAL AVE,382
160,WATKINS MILL RD & TRAVIS LN,362
155,TRAVIS AVE & WATKINS MILL RD,360
127,RUSSELL AVE & WATKINS MILL RD,337
95,ROCKVILLE PIKE & GROSVENOR STATION,323
92,ROCKVILLE PIKE & FIRST ST,320
6,CHRISTOPHER AVE & VILLAGE OVERLOOK,312
35,FREDERICK RD & RIDGEMONT AVE,305
111,ROCKVILLE PIKE & RICHARD MONTGOMERY,295
152,SOMERVILLE DR & REDLAND RD,283
55,MANNAKEE ST & CAMPUS (E) DR,282
23,FREDERICK RD & GUDE DR,278
57,MANNAKEE ST & HUNGERFORD DR,257
11,E JEFFERSON ST & MARYLAND AVE,256
136,S FREDERICK AVE & O'NEILL DR,236
28,FREDERICK RD & MAGNOLIA DR,224
41,GERMANTOWN RD & GOLDENROD LN,220
39,FREDERICK RD & WATKINS POND BLVD,218
27,FREDERICK RD & INDIANOLA DR,202
116,ROCKVILLE PIKE & STRATHMORE AVE,201
86,ROCKVILLE PIKE & CEDAR LN,198
65,N FREDERICK AVE & TRAVIS AVE,189
88,ROCKVILLE PIKE & COUNTRY CLUB RD,188
140,S FREDERICK AVE & VIRGINIA DR,178
73,OBSERVATION DR & BOLAND FARM RD,175
76,OBSERVATION DR & PANTHER RIDGE DR,173
48,HUNGERFORD DR & MANNAKEE ST,159
143,S WASHINGTON ST & MONTGOMERY AVE,145
42,GERMANTOWN RD & OBSERVATION DR,143
40,FREDERICK RD & WHEATFIELD DR,137
94,ROCKVILLE PIKE & GROSVENOR LN,129
25,FREDERICK RD & GUNNERS DR,125
126,RUSSELL AVE & CHRISTOPHER AVE,122
50,KING FARM BLVD & FREDERICK RD,122
146,SHADYGROVE METRO LOT  & METRO LOT,118
103,ROCKVILLE PIKE & NEW ST,110
26,FREDERICK RD & HIGH POINT DR,102
74,OBSERVATION DR & MONTGOMERY COLLEGE,95
93,ROCKVILLE PIKE & FLANDERS AVE,89
121,ROCKVILLE PIKE & WICKSHIRE WAY,89
81,ROCKVILLE PIKE & BELLEVUE DR,85
80,ROCKVILLE PIKE & ALTA VISTA RD,80
72,OBSERVATION DR & @20457 (SENECA MEA,77
49,HUNGERFORD DR & N CAMPUS DR,76
45,HALPINE RD & ROCKVILLE PIKE,76
56,MANNAKEE ST & CAMPUS DR,75
21,FREDERICK RD & COLLINS DR,73
16,FREDERICK RD & @15501,66
14,E MIDDLE LN & WASHINGTON ST,65
97,ROCKVILLE PIKE & HILLERY WAY,60
105,ROCKVILLE PIKE & NORTH DR,45
90,ROCKVILLE PIKE & ELSMERE AVE,42
15,FREDERICK RD & @15,40
85,ROCKVILLE PIKE & BROAD BROOK DR,28
100,ROCKVILLE PIKE & LOCUST HILL RD,27
156,TUCKERMAN LN & ROCKVILLE PIKE,16
142,S WASHINGTON ST & COURT HOUSE SQ,15
31,FREDERICK RD & NEELSVILLE CHURCH RD,14
113,ROCKVILLE PIKE & ROSE AVE,14
46,HUNGERFORD DR & @700,10
0,CHAPMAN AVE & BOUIC AVE,4
